Name,Email
Shelby,elijah57@example.net
Phillip,bethany14@example.com
Kristine,bthompson@example.com
Yesenia,kaitlinkaiser@example.com
Lori,buchananmanuel@example.net
Erin,tconner@example.org
Katherine,conniecowan@example.com
Ricardo,wyattbishop@example.com
Dave,nmccann@example.net
Isaiah,virginiaterrell@example.org
Sheila,huangcathy@example.com
Stacy,rayleroy@example.org
Mandy,jefferynoble@example.org
Bridget,mercedes44@example.com
Crystal,pmiranda@example.org
Thomas,braunpriscilla@example.net
Maurice,sheenabanks@example.com
Frank,gbrewer@example.org
Alvin,gilbertdonaldson@example.com
Jared,jcortez@example.com
Jacqueline,carias@example.net
Colleen,fknox@example.org
Randy,huangbill@example.org
Janice,juarezdominique@example.net
Alfred,cassandramorris@example.com
Sean,sallymiller@example.net
Louis,bsullivan@example.net
Brittney,ayalajose@example.net
Judy,irosales@example.net
Norman,mconrad@example.com
Isaiah,jimblake@example.org
Jacqueline,nsampson@example.net
Bonnie,caitlin24@example.net
Brandon,mconley@example.net
Jackson,reynoldsdarryl@example.net
Melody,jeannovak@example.org
Leonard,clinton78@example.org
Gene,luisdeleon@example.org
Cynthia,rosariodave@example.org
Tanya,vickihouston@example.com
Matthew,evelyn31@example.org
Kirk,stephenfuller@example.org
Willie,haleymathews@example.net
Miguel,tyrone56@example.org
Darren,lhernandez@example.com
Haley,molly03@example.org
Danielle,jvang@example.org
Becky,erikmueller@example.org
Caitlyn,rivasdominique@example.org
Joshua,daisymcgee@example.net
Heidi,staffordtravis@example.net
Brian,saralong@example.net
Beverly,iphelps@example.net
Nathaniel,roberto29@example.com
Debra,yolanda07@example.org
Mackenzie,abbottyvette@example.net
Courtney,ochang@example.org
Fred,amyanderson@example.com
Ryan,qnorman@example.org
Grace,clarkeangela@example.net
Shari,kalvarado@example.org
Kelli,jodyvincent@example.org
Jackie,hutchinsonkirk@example.com
Leslie,floreschristina@example.org
Harold,nathan65@example.org
Larry,maria32@example.org
Mike,imccullough@example.com
Brittney,corey92@example.com
Frank,daltoncalvin@example.net
Sandra,ubanks@example.com
Ryan,lopezdebbie@example.org
Tamara,meagan39@example.net
Jean,kristina76@example.com
Veronica,weissbridget@example.com
Kim,wpetersen@example.org
Tina,wongmary@example.org
Jonathon,gailfrench@example.net
Jermaine,vpaul@example.com
Regina,xpoole@example.net
Terrence,cassandra80@example.org
Tyler,johnathan72@example.org
Andrew,nhall@example.net
Reginald,erikaball@example.net
Douglas,nixonvanessa@example.net
Helen,melvin08@example.net
Mario,oblake@example.com
Chelsea,johnnyhendricks@example.net
Dustin,pbarron@example.net
Harry,olsenmalik@example.net
Kathy,teresa37@example.com
Alison,zmiles@example.net
Jamie,sheenadouglas@example.com
Melody,evan90@example.org
Xavier,nicolas90@example.org
Dillon,angelanavarro@example.net
Dennis,bmartin@example.org
Steve,latasha46@example.net
Wesley,regina11@example.org
Summer,alexiscantrell@example.org
Mariah,pcopeland@example.org
